,models,MSE,MAE,r2
0,LinearRegression,0.13631533378807506,0.28705417467510147,0.2979484055750946
1,SVR,0.12180407206433237,0.2612936989338528,0.37268434427813935
2,DecisionTreeRegressor,0.035312777649065194,0.06987940426011122,0.8181320386843586
3,RandomForestRegressor,0.02724162141137803,0.08452260609626965,0.8597001289942141
4,ExtraTreesRegressor,0.029484299359724412,0.07412772147871995,0.8481498830632175
