,models,MSE,MAE,r2
0,LinearRegression,0.13607272675461687,0.28703705728711426,0.29919788096370215
1,SVR,0.1205752015625692,0.26003014680587727,0.37901327640286886
2,DecisionTreeRegressor,0.02137135347970676,0.040675376850492176,0.8899331985000875
3,RandomForestRegressor,0.014788035569794187,0.05721188757664608,0.9238386198993085
4,ExtraTreesRegressor,0.01285810410181487,0.0424676883923362,0.9337781580757848
